id,card_id,date,amount,merchant_id,mcc
7475333,165,01-01-2010 00:07,4.81,20519,5942
7475341,1127,01-01-2010 00:27,43.33,33326,4121
7475342,3398,01-01-2010 00:30,49.42,61195,5541
7475346,4717,01-01-2010 00:34,26.04,39021,4784
7475347,3398,01-01-2010 00:36,-64,61195,5541
7475348,2182,01-01-2010 00:36,54.27,88945,5813
7475350,3398,01-01-2010 00:38,64,61195,5541
7475351,5952,01-01-2010 00:38,57.54,11901,5300
7475357,3881,01-01-2010 00:46,4.64,50783,5411
7475366,2969,01-01-2010 01:03,78,43293,5499
7475378,2112,01-01-2010 01:19,17.14,29232,4121
7475380,2969,01-01-2010 01:23,71.72,43293,5499
7475382,2969,01-01-2010 01:25,-78,43293,5499
7475389,2228,01-01-2010 01:40,3.77,20519,5942
7475411,1117,01-01-2010 02:05,196.22,5009,7011
7475416,2228,01-01-2010 02:09,2.75,75781,5411
7475419,4710,01-01-2010 02:12,2.31,95811,5411
7475420,5952,01-01-2010 02:13,0.21,61195,5541
7475422,1117,01-01-2010 02:13,-460,5009,7011
7475426,5482,01-01-2010 02:17,25.97,45389,5813
7475427,4938,01-01-2010 02:17,66.05,39021,4784
7475449,4710,01-01-2010 02:51,5.12,95811,5411
7475453,4183,01-01-2010 02:57,2.77,61746,5411
7475454,3383,01-01-2010 02:57,2.75,47756,5411
7475458,5482,01-01-2010 03:06,23.86,45389,5813
7475468,5952,01-01-2010 03:20,58.47,80770,7922
7475469,2228,01-01-2010 03:23,37.09,96712,5813
7475486,2177,01-01-2010 04:01,96.63,20561,5912
7475488,2562,01-01-2010 04:06,31.5,85304,5310
7475490,5881,01-01-2010 04:14,20.86,41122,4784
7475491,3251,01-01-2010 04:17,7.71,50404,4784
7475496,4183,01-01-2010 04:22,3.36,98374,5411
7475498,113,01-01-2010 04:27,55.79,24823,7538
7475507,4290,01-01-2010 04:39,29.93,95377,5912
7475510,4290,01-01-2010 04:49,26.38,39021,4784
7475515,3233,01-01-2010 04:54,104.4,32175,7538
7475516,3233,01-01-2010 04:56,104.1,32175,7538
7475527,4626,01-01-2010 05:15,6.76,50867,5541
7475539,2408,01-01-2010 05:38,4.02,35451,5812
7475548,4938,01-01-2010 05:46,11.91,73840,5912
7475551,4976,01-01-2010 05:48,115.82,26810,5541
7475557,1002,01-01-2010 05:51,16.67,69956,5310
7475561,1002,01-01-2010 05:53,1.88,19252,5411
7475569,3738,01-01-2010 05:59,9.84,11264,5812
7475570,2562,01-01-2010 06:00,43.13,11468,5970
7475573,2579,01-01-2010 06:01,95,59935,5499
7475578,2526,01-01-2010 06:02,14.67,50404,4784
7475586,2408,01-01-2010 06:03,9.68,39021,4784
7475588,4692,01-01-2010 06:04,64.39,43293,5499
7475591,5046,01-01-2010 06:06,35.9,83070,4121
7475592,1134,01-01-2010 06:07,23.61,39021,4784
7475600,3738,01-01-2010 06:08,5.41,11264,5812
7475607,2808,01-01-2010 06:10,189.29,90999,4722
7475611,1127,01-01-2010 06:10,28.84,15143,4784
7475621,1002,01-01-2010 06:14,23.83,52436,5310
7475623,2808,01-01-2010 06:16,-148,90999,4722
7475628,2969,01-01-2010 06:16,7.35,68671,5541
7475632,4692,01-01-2010 06:17,-86,43293,5499
7475639,5570,01-01-2010 06:19,24.22,98552,4121
7475642,4692,01-01-2010 06:19,86,43293,5499
7475643,1127,01-01-2010 06:19,38.58,15143,4784
7475650,2579,01-01-2010 06:23,-95,59935,5499
7475652,2122,01-01-2010 06:23,36.33,39021,4784
7475655,2579,01-01-2010 06:24,79.41,59935,5499
7475658,1002,01-01-2010 06:24,4.13,78454,5812
7475661,5570,01-01-2010 06:25,2.36,50783,5411
7475662,3910,01-01-2010 06:25,2.27,44919,5814
7475681,2890,01-01-2010 06:33,67,59935,5499
7475687,3738,01-01-2010 06:35,8.96,61195,5541
7475692,5444,01-01-2010 06:37,2.63,75936,5814
7475706,2182,01-01-2010 06:40,3.97,50379,5411
7475709,37,01-01-2010 06:41,105.7,61195,5541
7475708,37,01-01-2010 06:41,87,61195,5541
7475721,5588,01-01-2010 06:44,2.52,59935,5499
7475724,1002,01-01-2010 06:44,17.78,710,5912
7475732,2934,01-01-2010 06:47,2.03,43293,5499
7475734,1127,01-01-2010 06:47,46.63,15143,4784
7475738,2934,01-01-2010 06:49,25.8,99381,4121
7475741,2890,01-01-2010 06:50,-67,59935,5499
7475751,4626,01-01-2010 06:52,46.25,40616,7349
7475754,4962,01-01-2010 06:53,89.46,50783,5411
7475755,2408,01-01-2010 06:53,3.41,75781,5411
7475758,3842,01-01-2010 06:55,78.66,90865,5311
7475760,37,01-01-2010 06:55,-87,61195,5541
7475766,2890,01-01-2010 06:57,40.72,59935,5499
7475772,2526,01-01-2010 06:59,38.5,39021,4784
7475775,2042,01-01-2010 06:59,6.71,25408,5812
7475776,5003,01-01-2010 06:59,6.9,46284,5411
7475777,2530,01-01-2010 06:59,28.13,18563,4121
7475780,160,01-01-2010 07:00,8.45,22204,5541
7475792,4710,01-01-2010 07:02,-72,59935,5499
7475794,4565,01-01-2010 07:02,4.6,78854,5411
7475810,2804,01-01-2010 07:06,43.27,41122,4784
7475818,2934,01-01-2010 07:08,49.17,27601,7538
7475839,3233,01-01-2010 07:11,54.63,39021,4784
7475845,5046,01-01-2010 07:12,19.64,83070,4121
7475860,4290,01-01-2010 07:16,3.23,59935,5499
7475333,165,01-01-2010 00:07,4.81,20519,5942
7475341,1127,01-01-2010 00:27,43.33,33326,4121
7475342,3398,01-01-2010 00:30,49.42,61195,5541
7475346,4717,01-01-2010 00:34,26.04,39021,4784
7475347,3398,01-01-2010 00:36,-64,61195,5541
7475348,2182,01-01-2010 00:36,54.27,88945,5813
7475350,3398,01-01-2010 00:38,64,61195,5541
7475351,5952,01-01-2010 00:38,57.54,11901,5300
7475357,3881,01-01-2010 00:46,4.64,50783,5411
7475366,2969,01-01-2010 01:03,78,43293,5499
7475378,2112,01-01-2010 01:19,17.14,29232,4121
7475380,2969,01-01-2010 01:23,71.72,43293,5499
7475382,2969,01-01-2010 01:25,-78,43293,5499
7475389,2228,01-01-2010 01:40,3.77,20519,5942
7475411,1117,01-01-2010 02:05,196.22,5009,7011
7475416,2228,01-01-2010 02:09,2.75,75781,5411
7475419,4710,01-01-2010 02:12,2.31,95811,5411
7475420,5952,01-01-2010 02:13,0.21,61195,5541
7475422,1117,01-01-2010 02:13,-460,5009,7011
7475426,5482,01-01-2010 02:17,25.97,45389,5813
7475427,4938,01-01-2010 02:17,66.05,39021,4784
7475449,4710,01-01-2010 02:51,5.12,95811,5411
7475453,4183,01-01-2010 02:57,2.77,61746,5411
7475454,3383,01-01-2010 02:57,2.75,47756,5411
7475458,5482,01-01-2010 03:06,23.86,45389,5813
7475468,5952,01-01-2010 03:20,58.47,80770,7922
7475469,2228,01-01-2010 03:23,37.09,96712,5813
7475486,2177,01-01-2010 04:01,96.63,20561,5912
7475488,2562,01-01-2010 04:06,31.5,85304,5310
7475490,5881,01-01-2010 04:14,20.86,41122,4784
7475491,3251,01-01-2010 04:17,7.71,50404,4784
7475496,4183,01-01-2010 04:22,3.36,98374,5411
7475498,113,01-01-2010 04:27,55.79,24823,7538
7475507,4290,01-01-2010 04:39,29.93,95377,5912
7475510,4290,01-01-2010 04:49,26.38,39021,4784
7475515,3233,01-01-2010 04:54,104.4,32175,7538
7475516,3233,01-01-2010 04:56,104.1,32175,7538
7475527,4626,01-01-2010 05:15,6.76,50867,5541
7475539,2408,01-01-2010 05:38,4.02,35451,5812
7475548,4938,01-01-2010 05:46,11.91,73840,5912
7475551,4976,01-01-2010 05:48,115.82,26810,5541
7475557,1002,01-01-2010 05:51,16.67,69956,5310
7475561,1002,01-01-2010 05:53,1.88,19252,5411
7475569,3738,01-01-2010 05:59,9.84,11264,5812
7475570,2562,01-01-2010 06:00,43.13,11468,5970
7475573,2579,01-01-2010 06:01,95,59935,5499
7475578,2526,01-01-2010 06:02,14.67,50404,4784
7475586,2408,01-01-2010 06:03,9.68,39021,4784
7475588,4692,01-01-2010 06:04,64.39,43293,5499
7475591,5046,01-01-2010 06:06,35.9,83070,4121
7475592,1134,01-01-2010 06:07,23.61,39021,4784
7475600,3738,01-01-2010 06:08,5.41,11264,5812
7475607,2808,01-01-2010 06:10,189.29,90999,4722
7475611,1127,01-01-2010 06:10,28.84,15143,4784
7475621,1002,01-01-2010 06:14,23.83,52436,5310
7475623,2808,01-01-2010 06:16,-148,90999,4722
7475628,2969,01-01-2010 06:16,7.35,68671,5541
7475632,4692,01-01-2010 06:17,-86,43293,5499
7475639,5570,01-01-2010 06:19,24.22,98552,4121
7475642,4692,01-01-2010 06:19,86,43293,5499
7475643,1127,01-01-2010 06:19,38.58,15143,4784
7475650,2579,01-01-2010 06:23,-95,59935,5499
7475652,2122,01-01-2010 06:23,36.33,39021,4784
7475655,2579,01-01-2010 06:24,79.41,59935,5499
7475658,1002,01-01-2010 06:24,4.13,78454,5812
7475661,5570,01-01-2010 06:25,2.36,50783,5411
7475662,3910,01-01-2010 06:25,2.27,44919,5814
7475681,2890,01-01-2010 06:33,67,59935,5499
7475687,3738,01-01-2010 06:35,8.96,61195,5541
7475692,5444,01-01-2010 06:37,2.63,75936,5814
7475706,2182,01-01-2010 06:40,3.97,50379,5411
7475709,37,01-01-2010 06:41,105.7,61195,5541
7475708,37,01-01-2010 06:41,87,61195,5541
7475721,5588,01-01-2010 06:44,2.52,59935,5499
7475724,1002,01-01-2010 06:44,17.78,710,5912
7475732,2934,01-01-2010 06:47,2.03,43293,5499
7475734,1127,01-01-2010 06:47,46.63,15143,4784
7475738,2934,01-01-2010 06:49,25.8,99381,4121
7475741,2890,01-01-2010 06:50,-67,59935,5499
7475751,4626,01-01-2010 06:52,46.25,40616,7349
7475754,4962,01-01-2010 06:53,89.46,50783,5411
7475755,2408,01-01-2010 06:53,3.41,75781,5411
7475758,3842,01-01-2010 06:55,78.66,90865,5311
7475760,37,01-01-2010 06:55,-87,61195,5541
7475766,2890,01-01-2010 06:57,40.72,59935,5499
7475772,2526,01-01-2010 06:59,38.5,39021,4784
7475775,2042,01-01-2010 06:59,6.71,25408,5812
7475776,5003,01-01-2010 06:59,6.9,46284,5411
7475777,2530,01-01-2010 06:59,28.13,18563,4121
7475780,160,01-01-2010 07:00,8.45,22204,5541
7475792,4710,01-01-2010 07:02,-72,59935,5499
7475794,4565,01-01-2010 07:02,4.6,78854,5411
7475810,2804,01-01-2010 07:06,43.27,41122,4784
7475818,2934,01-01-2010 07:08,49.17,27601,7538
7475839,3233,01-01-2010 07:11,54.63,39021,4784
7475845,5046,01-01-2010 07:12,19.64,83070,4121
7475860,4290,01-01-2010 07:16,3.23,59935,5499
7475864,4250,01-01-2010 07:17,5.35,93508,5411
7475865,2509,01-01-2010 07:17,24.82,16798,4121
7475882,4710,01-01-2010 07:22,72,59935,5499
7475884,3267,01-01-2010 07:23,103.29,30286,4814
7475890,4146,01-01-2010 07:24,32.78,39021,4784
7475895,4294,01-01-2010 07:25,70.92,27601,7538
7475898,4710,01-01-2010 07:26,23.95,59935,5499
7475902,3251,01-01-2010 07:27,5.6,25887,5814
7475919,4146,01-01-2010 07:33,6.17,29209,5411
7475941,5822,01-01-2010 07:37,11.87,59935,5499
7475940,5822,01-01-2010 07:37,55,59935,5499
7475956,3267,01-01-2010 07:41,20,15143,4784
7475969,4294,01-01-2010 07:44,13.93,16798,4121
7475979,201,01-01-2010 07:46,2.25,27583,5411
7475980,2042,01-01-2010 07:46,22.4,25408,5812
7475983,5003,01-01-2010 07:47,31.28,39021,4784
7475984,1027,01-01-2010 07:47,9.8,13523,5310
7475989,4717,01-01-2010 07:48,0.95,79463,5411
7475993,1127,01-01-2010 07:48,120,27092,4829
7476000,5822,01-01-2010 07:50,-55,59935,5499
7476021,5530,01-01-2010 07:57,29.91,32175,7538
7476031,3881,01-01-2010 08:01,2.23,35451,5812
7476037,5499,01-01-2010 08:01,0.78,14528,5499
7476039,113,01-01-2010 08:01,8.21,59952,5812
7476044,4146,01-01-2010 08:03,34.31,18563,4121
7476049,3724,01-01-2010 08:04,100,27092,4829
7476058,2808,01-01-2010 08:06,37.17,39021,4784
7476070,4626,01-01-2010 08:08,-66,50867,5541
7476072,4290,01-01-2010 08:08,4.17,20884,5812
7476076,4626,01-01-2010 08:09,66,50867,5541
7476086,2112,01-01-2010 08:12,1.26,14528,5499
7476089,2804,01-01-2010 08:14,10.64,11468,5970
7476100,4250,01-01-2010 08:17,5.14,50783,5411
7476110,4626,01-01-2010 08:21,30.89,50867,5541
7476115,3842,01-01-2010 08:22,20.13,42982,7230
7476119,3880,01-01-2010 08:22,7.5,12014,5814
7476125,4565,01-01-2010 08:24,23.02,88852,4121
7476137,1117,01-01-2010 08:27,-145,16790,3389
7476138,1117,01-01-2010 08:27,189.87,16790,3389
7476200,2890,01-01-2010 08:43,28.22,39021,4784
7476206,2808,01-01-2010 08:45,43.46,39021,4784
7476208,3724,01-01-2010 08:45,100,27092,4829
7476284,5482,01-01-2010 09:04,107.12,87655,5310
7476295,4290,01-01-2010 09:05,19.14,50404,4784
7476301,5046,01-01-2010 09:06,13.46,50783,5411
7476317,2530,01-01-2010 09:09,2.68,50783,5411
7476329,3383,01-01-2010 09:12,-78,43293,5499
7476336,3383,01-01-2010 09:14,48.27,43293,5499
7476341,4250,01-01-2010 09:15,31.57,16798,4121
7476346,5499,01-01-2010 09:16,8.64,75781,5411
7476370,2177,01-01-2010 09:22,2.02,75781,5411
7476371,3383,01-01-2010 09:22,78,43293,5499
7476403,201,01-01-2010 09:30,8.17,27583,5411
7476408,2446,01-01-2010 09:31,1.54,59935,5499
7476420,1127,01-01-2010 09:34,21.14,59935,5499
7476433,1127,01-01-2010 09:36,99,59935,5499
7476438,4938,01-01-2010 09:37,40.66,61195,5541
7476440,2112,01-01-2010 09:38,10.38,61195,5541
7476443,1002,01-01-2010 09:39,17.24,49239,5813
7476466,4938,01-01-2010 09:43,81,61195,5541
7476483,4938,01-01-2010 09:48,-81,61195,5541
7476518,1127,01-01-2010 09:58,-99,59935,5499
7476524,2562,01-01-2010 09:59,0.98,43293,5499
7476542,2021,01-01-2010 10:02,84,22204,5541
7476543,3239,01-01-2010 10:02,75.63,61195,5541
7476546,4290,01-01-2010 10:02,22.42,39021,4784
7476547,2509,01-01-2010 10:02,7.64,50783,5411
7476548,2530,01-01-2010 10:02,140,27092,4829
7476558,201,01-01-2010 10:04,-197,51300,3359
7476559,3239,01-01-2010 10:04,61,61195,5541
7476570,2429,01-01-2010 10:07,26.69,66428,4121
7476571,4276,01-01-2010 10:07,29.29,82981,5912
7476583,3239,01-01-2010 10:10,-61,61195,5541
7476587,2562,01-01-2010 10:11,21.6,9932,5311
7476593,2021,01-01-2010 10:12,78.48,22204,5541
7476601,2021,01-01-2010 10:13,100,22204,5541
7476617,2021,01-01-2010 10:17,78.48,22204,5541
7476629,3910,01-01-2010 10:19,-393,52923,3504
7476632,2021,01-01-2010 10:19,-100,22204,5541
7476638,201,01-01-2010 10:20,138.82,51300,3359
7476641,3910,01-01-2010 10:21,249.96,52923,3504
7476643,2021,01-01-2010 10:21,-84,22204,5541
7476644,2804,01-01-2010 10:21,3,36628,5411
7476646,3801,01-01-2010 10:21,5.15,59935,5499
7476655,2562,01-01-2010 10:25,1,88646,5812
7476662,3239,01-01-2010 10:27,108.78,94123,5310
7476679,5179,01-01-2010 10:32,13.57,50867,5541
7476699,5570,01-01-2010 10:36,1.18,14528,5499
7476707,5530,01-01-2010 10:37,3.97,22849,5411
7476711,4717,01-01-2010 10:38,32.17,18563,4121
7476743,2579,01-01-2010 10:44,27.55,28395,5541
7476749,2182,01-01-2010 10:44,43.44,18563,4121
7476762,4938,01-01-2010 10:46,59.72,39021,4784
7476763,2177,01-01-2010 10:47,9.07,61850,5812
7476782,1134,01-01-2010 10:52,17.15,50783,5411
7476788,2112,01-01-2010 10:53,11.43,35451,5812
7476790,2804,01-01-2010 10:54,2.69,2177,5411
7476797,1002,01-01-2010 10:55,23.84,49239,5813
7476812,4183,01-01-2010 10:58,3.37,5248,5499
7476829,2530,01-01-2010 11:02,13.74,19558,5411
7476884,4183,01-01-2010 11:16,2.39,75936,5814
7476885,5499,01-01-2010 11:16,1.19,14528,5499
7476899,4294,01-01-2010 11:17,41.13,39021,4784
7476920,4938,01-01-2010 11:21,10.61,79664,5814
7476926,2042,01-01-2010 11:22,37.43,75936,5814
7476947,1127,01-01-2010 11:27,5.1,26810,5541
7476953,4710,01-01-2010 11:28,100,27092,4829
7476959,3881,01-01-2010 11:30,3.38,22204,5541
7476965,4980,01-01-2010 11:32,104.77,43293,5499
7476974,2122,01-01-2010 11:33,47.06,39021,4784
7476981,2804,01-01-2010 11:34,3.34,22204,5541
7477004,2429,01-01-2010 11:37,10.32,66428,4121
7477006,4938,01-01-2010 11:37,32.58,39021,4784
7477023,2969,01-01-2010 11:40,26.45,61929,4121
7477052,4980,01-01-2010 11:48,-75,43293,5499
7477076,4980,01-01-2010 11:55,75,43293,5499
7477088,4980,01-01-2010 11:57,15.21,22204,5541
7477100,3738,01-01-2010 11:58,11.56,55060,5812
7477105,2509,01-01-2010 11:59,140,27092,4829
7477107,2808,01-01-2010 12:00,38.94,39021,4784
7477126,4565,01-01-2010 12:02,20.77,16798,4121
7477128,2429,01-01-2010 12:03,25.47,16798,4121
7477132,4276,01-01-2010 12:04,53.15,43293,5499
7477145,5003,01-01-2010 12:07,12.28,22848,5411
7477147,3738,01-01-2010 12:07,7.41,11264,5812
7477151,3267,01-01-2010 12:08,-64,61195,5541
7477158,3267,01-01-2010 12:09,77.06,61195,5541
7477171,5570,01-01-2010 12:11,42.85,88937,5813
7477173,4276,01-01-2010 12:11,-63,43293,5499
7477182,3880,01-01-2010 12:12,14.26,2309,5812
7477196,5003,01-01-2010 12:14,180,27092,4829
7477220,2408,01-01-2010 12:18,9.94,50404,4784
7477224,3383,01-01-2010 12:19,3.7,50783,5411
7477230,5570,01-01-2010 12:20,23.59,88937,5813
7477245,4276,01-01-2010 12:23,63,43293,5499
7477247,3267,01-01-2010 12:24,64,61195,5541
7477262,3910,01-01-2010 12:27,45.18,21881,7538
7477275,2122,01-01-2010 12:30,1.86,86438,5499
7477282,2808,01-01-2010 12:31,47.67,39021,4784
7477297,3267,01-01-2010 12:34,22.04,80575,5813
7477298,4980,01-01-2010 12:34,-78,22204,5541
7477302,3412,01-01-2010 12:34,-500,16790,3389
7477334,5444,01-01-2010 12:41,19.62,16798,4121
7477335,4250,01-01-2010 12:41,76.93,93508,5411
7477344,1117,01-01-2010 12:43,1.92,33041,5411
7477361,3412,01-01-2010 12:47,175.9,16790,3389
7477372,165,01-01-2010 12:49,42.57,39021,4784
7477374,4980,01-01-2010 12:50,78,22204,5541
7477390,2429,01-01-2010 12:53,12.98,80141,5411
7477392,2177,01-01-2010 12:54,1.16,14528,5499
7477399,4980,01-01-2010 12:55,96.59,22204,5541
7477422,4250,01-01-2010 12:58,42.33,18563,4121
7477425,5482,01-01-2010 12:59,12.23,44578,5812
7477434,3412,01-01-2010 13:00,87,61195,5541
7477469,3801,01-01-2010 13:07,15.24,50867,5541
7477477,3801,01-01-2010 13:08,-87,50867,5541
7477485,5822,01-01-2010 13:10,88.09,52923,3504
7477493,2408,01-01-2010 13:11,-89,61195,5541
7477514,3412,01-01-2010 13:15,-87,61195,5541
7477518,3801,01-01-2010 13:16,87,50867,5541
7477530,2408,01-01-2010 13:18,89,61195,5541
7477545,3412,01-01-2010 13:21,52.1,61195,5541
7477555,1117,01-01-2010 13:23,10.02,22938,5812
7477558,5822,01-01-2010 13:24,-449,52923,3504
7477565,4565,01-01-2010 13:25,23.37,18563,4121
7477568,5482,01-01-2010 13:27,12.77,25887,5814
7477575,3267,01-01-2010 13:28,17.67,15143,4784
7477584,2408,01-01-2010 13:29,149.43,61195,5541
7477592,3398,01-01-2010 13:31,63.26,40404,4900
7477593,5482,01-01-2010 13:31,119.39,61195,5541
7477602,5482,01-01-2010 13:33,9.96,61195,5541
7477606,3910,01-01-2010 13:34,80,27092,4829
7477610,2042,01-01-2010 13:35,163.04,52923,3504
7477619,160,01-01-2010 13:37,61.92,22204,5541
7477628,113,01-01-2010 13:38,37.79,39021,4784
7477644,3398,01-01-2010 13:44,91.07,50292,7801
7477645,5482,01-01-2010 13:44,13.17,61195,5541
7477655,5482,01-01-2010 13:47,-83,61195,5541
7477682,5482,01-01-2010 13:54,83,61195,5541
7477687,2042,01-01-2010 13:55,-193,52923,3504
7477690,2509,01-01-2010 13:55,84.8,56840,7538
7477696,1134,01-01-2010 13:58,64.9,17799,5310
7477700,2969,01-01-2010 13:58,1.59,86438,5499
7477711,1127,01-01-2010 14:02,36.87,15143,4784
7477720,5881,01-01-2010 14:05,175.64,15426,3390
7477722,5530,01-01-2010 14:05,-354,74934,3596
7477728,2228,01-01-2010 14:06,50.95,39021,4784
7477746,5530,01-01-2010 14:09,227.55,74934,3596
7477757,2808,01-01-2010 14:12,54.18,39021,4784
7477777,3267,01-01-2010 14:17,24.02,15143,4784
7477790,1127,01-01-2010 14:19,32.69,33326,4121
7477806,5530,01-01-2010 14:23,6.59,50783,5411
7477824,5881,01-01-2010 14:29,-105,15426,3390
7477850,1134,01-01-2010 14:36,39.36,39021,4784
7477851,5588,01-01-2010 14:36,58.05,60569,5300
7477861,4717,01-01-2010 14:39,37.2,1967,5813
7477920,3275,01-01-2010 14:53,53.29,67570,5311
7477931,2804,01-01-2010 14:55,36.96,41122,4784
7477938,160,01-01-2010 14:58,4.67,34490,5719
7477951,165,01-01-2010 15:01,0.98,14528,5499
7477962,5881,01-01-2010 15:04,20.74,18563,4121
7477972,4717,01-01-2010 15:07,46.71,1967,5813
7477994,5570,01-01-2010 15:14,18.65,15143,4784
7477997,5003,01-01-2010 15:14,26.79,39021,4784
7477999,1070,01-01-2010 15:15,-83,22204,5541
7478008,1070,01-01-2010 15:16,96.66,22204,5541
7478015,5499,01-01-2010 15:18,120,27092,4829
7478016,2408,01-01-2010 15:18,9.15,39021,4784
7478019,1070,01-01-2010 15:19,83,22204,5541
7478034,5822,01-01-2010 15:22,71.57,71681,5712
7478035,5822,01-01-2010 15:22,37.29,54298,4900
7478038,1134,01-01-2010 15:23,50.75,39021,4784
7478049,2969,01-01-2010 15:24,225.65,47928,7995
7478061,4938,01-01-2010 15:30,-66,61195,5541
7478069,3880,01-01-2010 15:33,33.52,22204,5541
7478070,5588,01-01-2010 15:34,45.2,13369,5912
7478071,5499,01-01-2010 15:34,120,27092,4829
7478085,1070,01-01-2010 15:37,48.77,22204,5541
7478086,5570,01-01-2010 15:37,13.91,15143,4784
7478094,4938,01-01-2010 15:38,66,61195,5541
7478098,4290,01-01-2010 15:39,16.46,1631,5813
7478099,3880,01-01-2010 15:39,-71,22204,5541
7478101,4183,01-01-2010 15:40,47.46,73186,4814
7478102,2934,01-01-2010 15:41,9.56,99370,5311
7478110,2530,01-01-2010 15:43,29.4,90755,4121
7478117,5179,01-01-2010 15:45,62.87,50867,5541
7478122,1070,01-01-2010 15:47,93,22204,5541
7478128,2969,01-01-2010 15:49,7.65,75781,5411
7478132,4938,01-01-2010 15:50,43.58,61195,5541
7478137,2042,01-01-2010 15:51,-413,16790,3389
7478139,1070,01-01-2010 15:52,-93,22204,5541
7478143,5179,01-01-2010 15:53,69,50867,5541
7478146,3880,01-01-2010 15:53,71,22204,5541
7478150,113,01-01-2010 15:54,53.17,61195,5541
7478164,5179,01-01-2010 15:57,-69,50867,5541
7478165,2042,01-01-2010 15:57,118.7,16790,3389
7478168,2112,01-01-2010 15:57,0.96,14528,5499
7478176,113,01-01-2010 15:59,-82,61195,5541
7478175,113,01-01-2010 15:59,82,61195,5541
7478178,3233,01-01-2010 16:00,80,27092,4829
7478184,3801,01-01-2010 16:01,111.28,96896,5310
7478185,4565,01-01-2010 16:01,18.66,18563,4121
7478187,3704,01-01-2010 16:02,55.08,59935,5499
7478188,1070,01-01-2010 16:02,39.98,83743,7538
7478193,1070,01-01-2010 16:04,-68,59935,5499
7478200,2562,01-01-2010 16:06,16.08,78940,5813
7478209,2429,01-01-2010 16:09,47.28,84146,5211
7478216,1070,01-01-2010 16:11,94.09,59935,5499
7478234,3704,01-01-2010 16:16,-96,59935,5499
7478238,2530,01-01-2010 16:16,27.8,18563,4121
7478247,3251,01-01-2010 16:19,50.46,86410,5211
7478257,1070,01-01-2010 16:21,68,59935,5499
7478265,160,01-01-2010 16:22,47.79,31295,5310
7478266,165,01-01-2010 16:22,31.12,66428,4121
7478277,3704,01-01-2010 16:25,96,59935,5499
7478299,3398,01-01-2010 16:31,27.86,15143,4784
7478306,1027,01-01-2010 16:32,35.71,43293,5499
7478310,4976,01-01-2010 16:33,130.44,60569,5300
7478318,3801,01-01-2010 16:34,82,50867,5541
7478322,3801,01-01-2010 16:35,18.75,50867,5541
7478328,1027,01-01-2010 16:37,-96,43293,5499
7478333,4626,01-01-2010 16:38,-93,59935,5499
7478349,2042,01-01-2010 16:41,38.91,39021,4784
7478350,3801,01-01-2010 16:41,-82,50867,5541
7478358,37,01-01-2010 16:43,159.19,34490,5719
7478359,4250,01-01-2010 16:43,99,61195,5541
7478368,4276,01-01-2010 16:44,33.15,16798,4121
7478375,5570,01-01-2010 16:46,66.6,81833,5912
7478376,4626,01-01-2010 16:46,67.59,59935,5499
7478403,5499,01-01-2010 16:52,0.74,14528,5499
7478413,4626,01-01-2010 16:56,93,59935,5499
7478415,4250,01-01-2010 16:56,-99,61195,5541
7478419,4250,01-01-2010 16:57,90.85,61195,5541
7478426,1027,01-01-2010 16:59,96,43293,5499
7478429,3398,01-01-2010 17:00,28.84,15143,4784
7478456,3704,01-01-2010 17:11,105.3,59935,5499
7478461,3704,01-01-2010 17:13,73,59935,5499
7478479,4980,01-01-2010 17:20,53.4,100034,5812
7478487,3704,01-01-2010 17:24,-73,59935,5499
7478489,4146,01-01-2010 17:24,27.75,39021,4784
7478494,1027,01-01-2010 17:25,35.37,46537,5812
7478495,4976,01-01-2010 17:26,73.13,91128,5411
7478501,5881,01-01-2010 17:29,16.52,16798,4121
7478503,2112,01-01-2010 17:30,137.87,98374,5411
7478508,1027,01-01-2010 17:32,97,61195,5541
7478525,4962,01-01-2010 17:39,20.79,3238,5812
7478526,3233,01-01-2010 17:39,2.09,14528,5499
7478533,4183,01-01-2010 17:41,77.25,60569,5300
7478547,1027,01-01-2010 17:45,45.73,25887,5814
7478549,4183,01-01-2010 17:46,53.33,12639,5300
7478550,2112,01-01-2010 17:46,0.72,14528,5499
7478554,1127,01-01-2010 17:47,52.1,98648,5814
7478571,1027,01-01-2010 17:53,-97,61195,5541
7478576,1027,01-01-2010 17:55,27.88,61195,5541
7478584,4717,01-01-2010 17:58,43.43,34120,7832
7478596,4146,01-01-2010 18:03,94.29,22204,5541
7478597,4294,01-01-2010 18:03,246.12,34490,5719
7478604,3842,01-01-2010 18:05,204.35,68176,7011
7478609,5822,01-01-2010 18:06,29.94,46322,7832
7478614,5588,01-01-2010 18:09,15.33,44919,5814
7478623,2890,01-01-2010 18:14,24.24,39021,4784
7478626,2804,01-01-2010 18:14,46.36,41122,4784
7478628,5499,01-01-2010 18:15,39.59,1238,7393
7478636,4938,01-01-2010 18:18,18.06,69048,5921
7478641,4290,01-01-2010 18:19,39.1,41184,5310
7478642,3842,01-01-2010 18:20,-313,68176,7011
7478658,3881,01-01-2010 18:26,21.67,16851,5813
7478694,4146,01-01-2010 18:37,95.82,88459,5311
7478707,2042,01-01-2010 18:40,7.47,50783,5411
7478709,3398,01-01-2010 18:41,2.18,50783,5411
7478710,2804,01-01-2010 18:41,23.05,41122,4784
7478716,2042,01-01-2010 18:44,12.29,22204,5541
7478719,37,01-01-2010 18:45,86.43,61195,5541
7478735,5046,01-01-2010 18:50,50.06,16798,4121
7478753,5499,01-01-2010 18:55,16.18,72515,5814
7478763,3398,01-01-2010 19:00,2.41,41137,5411
7478764,5952,01-01-2010 19:00,37.68,99910,5193
7478766,2526,01-01-2010 19:01,32.98,64718,5812
7478790,3251,01-01-2010 19:12,59.1,50292,7801
7478833,4962,01-01-2010 19:28,23.94,78454,5812
7478853,4976,01-01-2010 19:36,47.53,25717,5812
7478854,5179,01-01-2010 19:36,57,50867,5541
7478862,5179,01-01-2010 19:39,48.21,50867,5541
7478880,5179,01-01-2010 19:46,-57,50867,5541
7478906,3239,01-01-2010 19:54,390.17,31883,7995
7478908,3801,01-01-2010 19:55,18.12,75781,5411
7478938,5444,01-01-2010 20:04,18.48,16798,4121
7478939,113,01-01-2010 20:04,6.94,61482,5411
7478951,2808,01-01-2010 20:08,39.76,25887,5814
7478954,4294,01-01-2010 20:08,12.05,77948,4121
7478977,4692,01-01-2010 20:17,55.92,25717,5812
7478981,3239,01-01-2010 20:19,583.16,34795,7995
7479002,2526,01-01-2010 20:29,32.48,87530,4900
7479032,4294,01-01-2010 20:39,9.63,16798,4121
7479041,3251,01-01-2010 20:41,31.79,25887,5814
7479042,3910,01-01-2010 20:41,24.48,91842,5812
7479043,2228,01-01-2010 20:41,61.92,69972,5814
7479044,3239,01-01-2010 20:42,36.64,39021,4784
7479055,3239,01-01-2010 20:44,43.22,39021,4784
7479068,4183,01-01-2010 20:48,56.3,35954,5812
7479072,3881,01-01-2010 20:50,28.13,35451,5812
7479076,5046,01-01-2010 20:52,10.38,7470,5411
7479077,2182,01-01-2010 20:52,115.07,32175,7538
7479080,5444,01-01-2010 20:55,17.13,16798,4121
7479097,2228,01-01-2010 21:00,70.51,24339,5812
7479101,3239,01-01-2010 21:01,34.99,39021,4784
7479106,2526,01-01-2010 21:03,29.59,39021,4784
7479112,2526,01-01-2010 21:07,23.05,39021,4784
7479129,3910,01-01-2010 21:14,1.81,14528,5499
7479135,3251,01-01-2010 21:18,38.31,25887,5814
7479144,3910,01-01-2010 21:21,48.6,91842,5812
7479185,3251,01-01-2010 21:36,44.15,78454,5812
7479190,3233,01-01-2010 21:39,90.51,75936,5814
7479207,2526,01-01-2010 21:48,31.44,50404,4784
7479222,1127,01-01-2010 21:52,33.72,67993,5310
7479228,4692,01-01-2010 21:54,177.01,98686,7922
7479246,2446,01-01-2010 22:05,41.31,75559,5812
7479260,5482,01-01-2010 22:11,54.86,8365,5812
7479269,4938,01-01-2010 22:13,80,27092,4829
7479276,2509,01-01-2010 22:15,61.19,25887,5814
7479282,3880,01-01-2010 22:16,14.6,50783,5411
7479289,201,01-01-2010 22:19,83.37,97009,5300
7479311,2112,01-01-2010 22:27,16.22,52788,5813
7479317,2509,01-01-2010 22:29,35.96,50332,5813
7479322,160,01-01-2010 22:31,-364,44795,3780
7479327,5881,01-01-2010 22:32,43.76,92883,5812
7479330,4692,01-01-2010 22:33,192.54,98686,7922
7479333,1117,01-01-2010 22:34,42.02,47588,5812
7479339,1117,01-01-2010 22:35,54.04,47588,5812
7479358,1002,01-01-2010 22:43,64.96,25887,5814
7479366,3842,01-01-2010 22:45,44.93,78454,5812
7479368,5482,01-01-2010 22:46,73.79,25887,5814
7479371,3239,01-01-2010 22:47,60,43293,5499
7479375,2021,01-01-2010 22:49,24.62,94208,5813
7479377,160,01-01-2010 22:51,117.07,44795,3780
7479379,3239,01-01-2010 22:51,-60,43293,5499
7479391,1127,01-01-2010 22:57,40.06,15143,4784
7479393,3239,01-01-2010 22:58,69.87,43293,5499
7479398,5444,01-01-2010 23:04,17.33,56060,4121
7479430,2579,01-01-2010 23:43,21.64,30130,5192
7479443,4565,01-01-2010 23:55,67.68,67570,5311
7479445,5444,01-01-2010 23:56,20.01,56060,4121
7479450,1127,02-01-2010 00:02,45.79,18563,4121
7479463,3412,02-01-2010 00:23,38.71,36500,5812
7479474,4565,02-01-2010 00:32,45.02,25759,5812
7479476,3398,02-01-2010 00:35,87,59935,5499
7479482,4717,02-01-2010 00:45,29.37,39021,4784
7479485,3398,02-01-2010 00:52,-87,59935,5499
7479488,3398,02-01-2010 00:55,51.64,59935,5499
7479489,5952,02-01-2010 00:55,67.31,93812,5411
7479497,2182,02-01-2010 01:04,42.34,88945,5813
7479499,2112,02-01-2010 01:08,32.46,18563,4121
7479504,4717,02-01-2010 01:18,33.92,54850,4814
7479530,5952,02-01-2010 02:04,0.17,59397,5812
7479544,3412,02-01-2010 02:40,2.84,35451,5812
7479545,5482,02-01-2010 02:48,26.47,45389,5813
7479557,2177,02-01-2010 03:11,85.17,5355,5411
7479561,3412,02-01-2010 03:23,3.05,43293,5499
7479568,2446,02-01-2010 03:40,1.28,58332,5300
7479583,1002,02-01-2010 04:13,154.89,710,5912
7479588,3233,02-01-2010 04:32,99.05,32175,7538
7479599,5570,02-01-2010 04:52,63.08,59457,4900
7479600,4626,02-01-2010 04:58,6.95,5801,5912
7479625,2122,02-01-2010 05:35,46.24,39021,4784
7479627,4976,02-01-2010 05:40,81.9,26810,5541
7479634,4962,02-01-2010 05:50,129,48919,5311
7479646,2021,02-01-2010 06:02,3.28,44578,5812
7479653,4692,02-01-2010 06:06,64,61195,5541
7479654,2408,02-01-2010 06:06,4.03,39021,4784
7479664,4692,02-01-2010 06:08,52.57,61195,5541
7479667,3738,02-01-2010 06:09,5.25,69122,5411
7479671,3724,02-01-2010 06:10,81,41260,5541
7479673,5570,02-01-2010 06:11,1.55,41806,5812
7479676,5570,02-01-2010 06:12,28.74,18563,4121
7479686,4962,02-01-2010 06:17,87.74,50783,5411
7479693,3881,02-01-2010 06:19,1.27,86438,5499
7479698,4692,02-01-2010 06:21,-64,61195,5541
7479700,2969,02-01-2010 06:21,7.6,77179,5921
7479702,3724,02-01-2010 06:22,22.12,41260,5541
7479706,3724,02-01-2010 06:24,-81,41260,5541
7479709,4938,02-01-2010 06:24,16.2,63694,5411
7479712,3910,02-01-2010 06:25,2.41,43293,5499
7479713,2122,02-01-2010 06:25,29.39,39021,4784
7479720,1134,02-01-2010 06:28,32.35,39021,4784
7479725,160,02-01-2010 06:30,7.26,69685,5812
7479726,2446,02-01-2010 06:30,-94,22204,5541
7479728,160,02-01-2010 06:31,1.86,14528,5499
7479729,2562,02-01-2010 06:31,29.13,20519,5942
7479730,2042,02-01-2010 06:31,5.39,19122,5411
7479732,2530,02-01-2010 06:31,25.88,16798,4121
7479737,1127,02-01-2010 06:33,44.2,15143,4784
7479742,1002,02-01-2010 06:36,18.52,52436,5310
7479743,2530,02-01-2010 06:36,165.44,61641,4900
7479745,2934,02-01-2010 06:37,3.8,69972,5814
7479757,2446,02-01-2010 06:43,94,22204,5541
7479764,3738,02-01-2010 06:44,4.12,69122,5411
7479766,2934,02-01-2010 06:45,8.37,99381,4121
7479769,2526,02-01-2010 06:46,19.9,50404,4784
7479772,5444,02-01-2010 06:47,3.98,75936,5814
7479773,5003,02-01-2010 06:47,17.75,39021,4784
7479785,5881,02-01-2010 06:51,14.7,18563,4121
7479787,2182,02-01-2010 06:51,11.57,26810,5541
7479794,2446,02-01-2010 06:53,50.32,22204,5541
7479804,2429,02-01-2010 06:59,40.06,50783,5411
7479819,3275,02-01-2010 07:03,-60,26810,5541
7479828,5881,02-01-2010 07:05,-65,41260,5541
7479832,3275,02-01-2010 07:06,88.35,26810,5541
7479835,201,02-01-2010 07:08,2.92,20561,5912
7479838,201,02-01-2010 07:09,2.38,42047,5411
7479840,4710,02-01-2010 07:09,-50,26810,5541
7479845,1134,02-01-2010 07:12,1.16,14528,5499
7479847,5881,02-01-2010 07:12,65,41260,5541
7479854,3233,02-01-2010 07:14,47.59,50404,4784
7479868,4710,02-01-2010 07:17,22.07,26810,5541
7479869,3275,02-01-2010 07:18,60,26810,5541
7479870,2122,02-01-2010 07:18,5.18,69735,7538
7479883,2804,02-01-2010 07:22,36.5,41122,4784
7479892,4710,02-01-2010 07:23,50,26810,5541
7479909,4146,02-01-2010 07:27,30.42,39021,4784
7479915,5881,02-01-2010 07:28,61.25,41260,5541
7479929,5822,02-01-2010 07:31,-78,59935,5499
7479936,2042,02-01-2010 07:32,19.56,22204,5541
7479940,4294,02-01-2010 07:33,4.96,92883,5812
7479966,2509,02-01-2010 07:39,18.91,16798,4121
7479967,3267,02-01-2010 07:40,17.04,15143,4784
7479968,5003,02-01-2010 07:40,26.46,39021,4784
7479971,4146,02-01-2010 07:41,29.17,39021,4784
7479973,2446,02-01-2010 07:41,119.45,43503,4900
7479974,5822,02-01-2010 07:41,78,59935,5499
7479982,2182,02-01-2010 07:43,75,26810,5541
7479998,5530,02-01-2010 07:46,22.07,13646,7538
7480004,5822,02-01-2010 07:48,19.04,59935,5499
7480024,2182,02-01-2010 07:54,89.73,26810,5541
7480023,2182,02-01-2010 07:54,-75,26810,5541
7480025,4294,02-01-2010 07:54,9.51,16798,4121
7480026,5046,02-01-2010 07:55,49.66,81536,5310
7480037,5003,02-01-2010 07:58,143.42,22848,5411
7480043,2042,02-01-2010 08:00,14.16,22204,5541
7480049,2509,02-01-2010 08:01,18.13,50783,5411
7480052,4565,02-01-2010 08:01,27.45,88852,4121
7480065,3251,02-01-2010 08:06,18.39,46284,5411
7480070,5179,02-01-2010 08:07,50.91,59935,5499
7480087,2890,02-01-2010 08:11,25.92,39021,4784
7480090,5179,02-01-2010 08:11,55,59935,5499
7480112,4146,02-01-2010 08:18,31.92,98552,4121
7480135,5179,02-01-2010 08:23,-55,59935,5499
7480153,4146,02-01-2010 08:29,187.74,10530,8021
7480166,2509,02-01-2010 08:32,2.04,20519,5942
7480207,5530,02-01-2010 08:45,64.82,28823,5300
7480210,2808,02-01-2010 08:47,39.71,39021,4784
7480227,3738,02-01-2010 08:51,554.95,43422,6300
7480246,3239,02-01-2010 08:58,306.88,54850,4814
7480255,1127,02-01-2010 09:01,34.77,59935,5499
7480260,1127,02-01-2010 09:03,95,59935,5499
7480280,1127,02-01-2010 09:10,-95,59935,5499
7480285,2969,02-01-2010 09:11,26.3,75781,5411
7480292,5499,02-01-2010 09:15,1.18,14528,5499
7480316,2808,02-01-2010 09:22,47.24,39021,4784
7480323,2177,02-01-2010 09:24,88.22,80449,5651
7480330,3398,02-01-2010 09:25,2.84,41137,5411
7480332,4250,02-01-2010 09:25,28.04,18563,4121
7480340,2429,02-01-2010 09:27,2.38,14528,5499
7480352,2446,02-01-2010 09:31,1.49,75559,5812
7480357,5588,02-01-2010 09:32,15.27,41122,4784
7480379,3239,02-01-2010 09:37,-66,61195,5541
7480398,4717,02-01-2010 09:43,28.1,18563,4121
7480400,2446,02-01-2010 09:43,61.27,66010,7538
7480415,3239,02-01-2010 09:47,70.12,61195,5541
7480424,2177,02-01-2010 09:50,1.06,14528,5499
7480432,2112,02-01-2010 09:51,31.66,18563,4121
7480442,3383,02-01-2010 09:53,2.52,47756,5411
7480452,4976,02-01-2010 09:56,54.26,93035,7538
7480455,3239,02-01-2010 09:57,66,61195,5541
7480468,3383,02-01-2010 10:00,-100,50867,5541
7480475,3239,02-01-2010 10:02,97,43293,5499
7480503,2429,02-01-2010 10:08,23.83,66428,4121
7480506,3383,02-01-2010 10:09,100,50867,5541
7480518,2562,02-01-2010 10:12,1.02,88646,5812
7480523,1027,02-01-2010 10:13,6.1,20519,5942
7480537,1002,02-01-2010 10:15,18.31,86410,5211
7480543,3383,02-01-2010 10:19,37.39,50867,5541
7480547,3239,02-01-2010 10:20,87.37,61803,5310
7480548,3239,02-01-2010 10:20,-97,43293,5499
7480569,3239,02-01-2010 10:27,66.69,43293,5499
7480571,2530,02-01-2010 10:27,140,27092,4829
7480583,2112,02-01-2010 10:31,44.55,81833,5912
7480585,4980,02-01-2010 10:32,8.26,15731,5813
7480588,2429,02-01-2010 10:32,18.15,16798,4121
7480635,2042,02-01-2010 10:43,25.91,78454,5812
7480637,2804,02-01-2010 10:43,1.77,22204,5541
7480656,160,02-01-2010 10:47,33.24,7479,5932
7480680,2579,02-01-2010 10:53,20.24,81034,5812
7480685,2112,02-01-2010 10:53,1.52,99444,5912
7480686,1134,02-01-2010 10:54,12.77,40965,5812
7480705,2408,02-01-2010 10:57,93.42,75781,5411
7480711,4183,02-01-2010 10:58,2.74,75936,5814
7480728,2042,02-01-2010 11:03,30.13,78454,5812
7480759,4938,02-01-2010 11:11,9.4,35451,5812
7480777,4294,02-01-2010 11:15,45.58,39021,4784
7480784,2177,02-01-2010 11:19,21.38,34702,5310
7480795,3880,02-01-2010 11:20,71.82,60569,5300
7480816,5003,02-01-2010 11:25,149.41,37387,4899
7480837,2042,02-01-2010 11:32,27.39,25887,5814
7480838,4692,02-01-2010 11:32,16.13,9932,5311
7480840,3738,02-01-2010 11:33,177.73,17976,4900
7480850,4276,02-01-2010 11:35,-95,68671,5541
7480879,4938,02-01-2010 11:42,69.54,39021,4784
7480886,4276,02-01-2010 11:44,95,68671,5541
7480912,3738,02-01-2010 11:50,8.82,55060,5812
7480922,4710,02-01-2010 11:52,80,27092,4829
7480923,4276,02-01-2010 11:52,63.04,68671,5541
7480930,3842,02-01-2010 11:54,34.46,34490,5719
7480946,5530,02-01-2010 11:58,21.74,38697,4121
7480950,2177,02-01-2010 12:00,-89,43293,5499
7480952,2177,02-01-2010 12:01,89,43293,5499
7480955,3267,02-01-2010 12:02,92.98,61195,5541
7480970,3267,02-01-2010 12:05,-92,61195,5541
7480971,2177,02-01-2010 12:05,30.85,43293,5499
7480982,4976,02-01-2010 12:07,0.83,83271,4214
7480996,4565,02-01-2010 12:10,22.23,18563,4121
7481017,5588,02-01-2010 12:16,5.22,59935,5499
7481026,3842,02-01-2010 12:18,41.33,9044,5310
7481032,1070,02-01-2010 12:19,26.98,60569,5300
7481035,3267,02-01-2010 12:20,92,61195,5541
7481041,4276,02-01-2010 12:21,80.26,17724,5411
7481042,4276,02-01-2010 12:21,62.02,43293,5499
7481044,5499,02-01-2010 12:22,35.41,9932,5311
7481059,3738,02-01-2010 12:27,199.6,73186,4814
7481060,4276,02-01-2010 12:27,-65,43293,5499
7481061,2969,02-01-2010 12:27,25.97,61929,4121
7481070,4276,02-01-2010 12:29,65,43293,5499
7481082,2021,02-01-2010 12:33,46.31,89069,5251
7481098,4717,02-01-2010 12:38,22.38,79463,5411
7481101,2446,02-01-2010 12:38,100,27092,4829
7481109,3842,02-01-2010 12:41,4.23,65164,5921
7481117,2182,02-01-2010 12:43,99.11,50783,5411
7481132,4250,02-01-2010 12:47,73.9,61195,5541
7481137,2579,02-01-2010 12:48,43.14,88459,5311
7481162,5444,02-01-2010 12:53,20.28,16798,4121
7481173,2579,02-01-2010 12:56,38.53,88459,5311
7481184,4250,02-01-2010 12:57,38.12,16798,4121
7481186,3233,02-01-2010 12:59,44.49,88238,4900
7481206,2408,02-01-2010 13:04,91.75,59935,5499
7481215,3398,02-01-2010 13:06,63.66,31893,5311
7481216,37,02-01-2010 13:06,215.75,50461,4900
7481261,4938,02-01-2010 13:14,37.09,48919,5311
7481278,160,02-01-2010 13:17,9.17,26810,5541
7481280,3801,02-01-2010 13:17,14.64,59935,5499
7481295,5881,02-01-2010 13:22,61.8,70129,7801
7481298,3801,02-01-2010 13:22,-88,59935,5499
7481297,3801,02-01-2010 13:22,88,59935,5499
7481309,3842,02-01-2010 13:25,13.1,49789,5541
7481314,3398,02-01-2010 13:26,55.26,31893,5311
7481315,2408,02-01-2010 13:26,97,59935,5499
7481318,3842,02-01-2010 13:27,4.38,65164,5921
7481322,5530,02-01-2010 13:27,4.19,20134,5812
7481327,2408,02-01-2010 13:28,-97,59935,5499
7481332,1134,02-01-2010 13:30,67.26,4439,5651
7481357,2808,02-01-2010 13:34,26.13,39021,4784
7481360,2408,02-01-2010 13:34,-78,59935,5499
7481368,2408,02-01-2010 13:37,78,59935,5499
7481390,165,02-01-2010 13:41,-67,22204,5541
7481398,3738,02-01-2010 13:43,20.37,7280,4121
7481400,113,02-01-2010 13:43,36.46,39021,4784
7481405,2408,02-01-2010 13:44,151.49,59935,5499
7481409,4717,02-01-2010 13:46,36.73,52884,7210
7481411,165,02-01-2010 13:46,67,22204,5541
7481412,165,02-01-2010 13:46,58.73,22204,5541
7481430,3398,02-01-2010 13:49,66.73,40404,4900
7481431,1127,02-01-2010 13:49,49.96,18563,4121
7481445,4183,02-01-2010 13:55,17.8,83480,9402
7481461,2509,02-01-2010 13:59,76.2,32175,7538
7481467,1127,02-01-2010 14:00,49.79,16798,4121
7481468,1134,02-01-2010 14:01,1.11,14528,5499
7481476,5482,02-01-2010 14:03,-78,59935,5499
7481482,3412,02-01-2010 14:04,17.34,71348,7210
7481494,1127,02-01-2010 14:06,32.12,15143,4784
7481497,1070,02-01-2010 14:07,63,22204,5541
7481506,1070,02-01-2010 14:09,-63,22204,5541
7481510,1117,02-01-2010 14:09,1.31,86438,5499
7481522,3412,02-01-2010 14:13,7.81,20561,5912
7481546,160,02-01-2010 14:18,4.05,88459,5311
7481564,2122,02-01-2010 14:23,13.71,98514,7230
7481565,3267,02-01-2010 14:24,19.33,15143,4784
7481566,1070,02-01-2010 14:24,103,22204,5541
7481571,5482,02-01-2010 14:25,78,59935,5499
7481574,5952,02-01-2010 14:26,42.15,89069,5251
7481580,5482,02-01-2010 14:28,52.11,59935,5499
7481604,5881,02-01-2010 14:33,54.39,24823,7538
7481611,3275,02-01-2010 14:35,71.07,67570,5311
7481614,4980,02-01-2010 14:36,76.56,43293,5499
7481619,1134,02-01-2010 14:38,50.42,39021,4784
7481630,4717,02-01-2010 14:40,38.23,1967,5813
7481652,37,02-01-2010 14:45,120,27092,4829
7481670,1070,02-01-2010 14:48,29.69,32858,5311
7481676,1134,02-01-2010 14:50,1.06,14528,5499
7481677,4980,02-01-2010 14:50,55,43293,5499
7481679,4980,02-01-2010 14:51,-55,43293,5499
7481682,3801,02-01-2010 14:51,80.79,86410,5211
7481696,2122,02-01-2010 14:54,50.85,39021,4784
7481718,1070,02-01-2010 15:00,78,59935,5499
7481719,5570,02-01-2010 15:00,15.32,15143,4784
7481730,1070,02-01-2010 15:02,80.48,59935,5499
7481753,113,02-01-2010 15:08,33.84,20519,5942
7481760,4717,02-01-2010 15:11,30.14,1967,5813
7481766,1070,02-01-2010 15:12,-78,59935,5499
7481767,2228,02-01-2010 15:12,85.34,9744,5300
7481768,2530,02-01-2010 15:12,17.77,98455,5921
7481782,165,02-01-2010 15:15,31.97,66428,4121
7481791,3724,02-01-2010 15:18,87.39,9932,5311
7481792,1134,02-01-2010 15:19,0.98,14528,5499
7481793,3704,02-01-2010 15:19,28.2,89069,5251
7481799,5499,02-01-2010 15:19,80,27092,4829
7481810,3881,02-01-2010 15:23,43.25,9932,5311
7481825,113,02-01-2010 15:29,8.58,64619,5921
7481833,113,02-01-2010 15:30,-80,59935,5499
7481832,113,02-01-2010 15:30,80,59935,5499
7481839,4938,02-01-2010 15:32,44.64,61195,5541
7481850,4938,02-01-2010 15:34,86,61195,5541
7481862,113,02-01-2010 15:37,48.14,59935,5499
7481876,3880,02-01-2010 15:41,-74,22204,5541
7481878,5570,02-01-2010 15:42,7.46,15143,4784
7481881,4250,02-01-2010 15:42,35.99,41184,5310
7481885,5881,02-01-2010 15:44,88.83,73342,5912
7481896,2934,02-01-2010 15:47,16.26,86410,5211
7481902,3398,02-01-2010 15:48,60.35,20561,5912
7481903,3233,02-01-2010 15:48,100,27092,4829
7481906,5588,02-01-2010 15:49,58.61,26810,5541
7481909,4938,02-01-2010 15:49,-86,61195,5541
7481913,4565,02-01-2010 15:50,23.96,16798,4121
7481915,3724,02-01-2010 15:51,140.44,9296,5912
7481931,3880,02-01-2010 15:54,31.35,22204,5541
7481935,3880,02-01-2010 15:55,74,22204,5541
7481954,1134,02-01-2010 15:59,1.16,14528,5499
7481956,5588,02-01-2010 16:00,3.47,52106,5411
7481958,165,02-01-2010 16:00,25.87,66428,4121
7481959,3251,02-01-2010 16:01,17.32,20519,5942
7481962,4938,02-01-2010 16:01,62.06,39021,4784
7481961,4938,02-01-2010 16:01,76.4,39021,4784
7481969,3398,02-01-2010 16:04,12.47,83271,4214
7481970,3233,02-01-2010 16:04,120,27092,4829
7481972,3801,02-01-2010 16:04,111.21,57998,5300
7481990,201,02-01-2010 16:09,65,43293,5499
7481997,201,02-01-2010 16:10,38.75,43293,5499
7482007,2562,02-01-2010 16:13,16.61,78940,5813
7482015,2182,02-01-2010 16:15,146.92,27865,5651
7482018,3801,02-01-2010 16:16,15.53,59935,5499
7482022,201,02-01-2010 16:18,-65,43293,5499
7482029,3801,02-01-2010 16:20,63,59935,5499
7482041,3801,02-01-2010 16:23,-63,59935,5499
7482045,5530,02-01-2010 16:24,40.62,87312,5211
7482046,5530,02-01-2010 16:24,30.93,60569,5300
7482047,2429,02-01-2010 16:24,12.92,39261,5815
7482067,2122,02-01-2010 16:30,23.17,68671,5541
7482068,3801,02-01-2010 16:30,20.72,59935,5499
7482079,2509,02-01-2010 16:33,18.96,18563,4121
7482099,37,02-01-2010 16:38,137.6,79927,5912
7482100,5179,02-01-2010 16:38,-72,50867,5541
7482105,5570,02-01-2010 16:39,80.65,60569,5300
7482107,5179,02-01-2010 16:40,35.19,50867,5541
7482117,4976,02-01-2010 16:44,138.55,12076,5912
7482120,5179,02-01-2010 16:44,72,50867,5541
7482121,3801,02-01-2010 16:44,-91,59935,5499
7482125,2228,02-01-2010 16:45,71.07,89705,5193
7482139,5881,02-01-2010 16:49,33.25,30055,7832
7482152,2122,02-01-2010 16:53,82,68671,5541
7482166,2122,02-01-2010 16:56,-82,68671,5541
7482177,3801,02-01-2010 16:58,91,59935,5499
7482186,4146,02-01-2010 17:00,89.03,7821,5912
7482187,4250,02-01-2010 17:00,37.26,99173,4121
7482191,3267,02-01-2010 17:02,24.17,15143,4784
7482194,3275,02-01-2010 17:03,98.21,75936,5814
7482195,5179,02-01-2010 17:03,47.64,50867,5541
7482196,3704,02-01-2010 17:05,71.59,3183,5411
7482202,3881,02-01-2010 17:07,200.11,72139,4900
7482208,4250,02-01-2010 17:08,84.49,43293,5499
7482210,3704,02-01-2010 17:09,98.38,61195,5541
7482217,3704,02-01-2010 17:11,98,61195,5541
7482218,4250,02-01-2010 17:11,-94,43293,5499
7482231,4962,02-01-2010 17:17,48.66,78454,5812
7482241,5952,02-01-2010 17:19,42.39,83011,5261
7482245,5179,02-01-2010 17:20,-90,50867,5541
7482258,3738,02-01-2010 17:22,45.48,75936,5814
7482261,5179,02-01-2010 17:24,90,50867,5541
7482266,3704,02-01-2010 17:27,-98,61195,5541
7482267,4250,02-01-2010 17:27,94,43293,5499
7482290,2934,02-01-2010 17:39,21.25,18563,4121
7482305,3251,02-01-2010 17:42,101.57,60569,5300
7482309,4183,02-01-2010 17:44,75.32,61746,5411
7482313,4250,02-01-2010 17:45,23.17,99173,4121
7482314,1027,02-01-2010 17:46,55.75,44578,5812
7482339,3704,02-01-2010 17:58,46.29,20519,5942
7482340,3251,02-01-2010 17:58,100.76,60569,5300
7482341,5881,02-01-2010 17:58,13.73,41260,5541
7482343,4183,02-01-2010 17:58,49.43,98374,5411
7482374,4290,02-01-2010 18:11,49.93,20561,5912
7482392,3398,02-01-2010 18:20,31.43,55060,5812
7482421,2526,02-01-2010 18:32,216.3,68685,4900
7482434,4938,02-01-2010 18:35,68.66,54773,5311
7482447,2042,02-01-2010 18:38,12.1,50783,5411
7482498,2804,02-01-2010 19:04,38.6,41122,4784
7482523,2526,02-01-2010 19:11,22.46,64718,5812
7482526,3251,02-01-2010 19:12,69.98,42636,7802
7482578,5482,02-01-2010 19:41,29.98,50783,5411
7482610,4976,02-01-2010 19:59,62.58,21355,5812
7482621,2228,02-01-2010 20:04,21.68,77684,7832
7482623,2446,02-01-2010 20:06,114.03,22204,5541
7482627,2182,02-01-2010 20:08,24.92,19756,7832
7482681,3881,02-01-2010 20:34,50.88,25887,5814
7482692,5003,02-01-2010 20:41,209.75,95371,5651
7482694,3724,02-01-2010 20:41,71.96,46476,5211
7482699,5444,02-01-2010 20:42,16.91,16798,4121
7482711,3383,02-01-2010 20:46,158.9,60569,5300
7482722,3412,02-01-2010 20:51,207.13,75062,4900
7482739,5588,02-01-2010 21:00,75,59935,5499
7482740,3251,02-01-2010 21:00,27.17,25887,5814
7482757,5588,02-01-2010 21:06,-75,59935,5499
7482776,5588,02-01-2010 21:16,33.39,59935,5499
7482782,5046,02-01-2010 21:17,11.49,61195,5541
7482783,2228,02-01-2010 21:17,53.24,69972,5814
7482784,2429,02-01-2010 21:18,126.88,82981,5912
7482786,3910,02-01-2010 21:19,35.63,91842,5812
7482800,3724,02-01-2010 21:30,55.36,89069,5251
7482812,2526,02-01-2010 21:36,37.24,50404,4784
7482858,5046,02-01-2010 22:00,13.04,50783,5411
7482863,201,02-01-2010 22:05,96.82,60569,5300
7482910,5822,02-01-2010 22:28,25.25,18563,4121
7482918,1070,02-01-2010 22:32,43.65,91526,5812
7482923,3842,02-01-2010 22:34,48.02,18833,5812
7482936,3239,02-01-2010 22:38,20.58,82180,5812
7482953,3239,02-01-2010 22:45,99,61195,5541
7482960,3239,02-01-2010 22:46,-99,61195,5541
7482975,1127,02-01-2010 22:52,39.2,15143,4784
7482977,4294,02-01-2010 22:53,91.12,92883,5812
7482981,2021,02-01-2010 22:56,16.51,94208,5813
7482984,4692,02-01-2010 22:57,105.38,59350,7922
7482986,3239,02-01-2010 22:58,62.19,61195,5541
7482993,5003,02-01-2010 23:11,32.59,81833,5912
7483024,5444,02-01-2010 23:59,19.41,16798,4121
7483032,1127,03-01-2010 00:17,47.24,33326,4121
7483041,4962,03-01-2010 00:32,-55,26810,5541
7483042,4962,03-01-2010 00:32,48.16,26810,5541
7483050,4962,03-01-2010 00:46,55,26810,5541
7483052,5952,03-01-2010 00:47,43.82,38602,5311
7483055,4565,03-01-2010 00:52,63.14,88646,5812
7483057,3881,03-01-2010 00:54,2.16,90538,5411
7483061,165,03-01-2010 01:07,4,80141,5411
7483069,5003,03-01-2010 01:26,223.61,68977,3174
7483071,3398,03-01-2010 01:30,83,59935,5499
7483076,165,03-01-2010 01:40,5.51,20519,5942
7483079,3398,03-01-2010 01:49,-83,59935,5499
7483082,3398,03-01-2010 01:55,43.63,59935,5499
7483087,1117,03-01-2010 02:01,1.98,33041,5411
7483088,3383,03-01-2010 02:03,3.38,50783,5411
7483095,2228,03-01-2010 02:11,4.12,69972,5814
7483129,2808,03-01-2010 03:14,97.34,59350,7922
7483135,2228,03-01-2010 03:23,48.17,96712,5813
7483155,2177,03-01-2010 04:03,121.56,92764,5300
7483169,3233,03-01-2010 04:36,97.23,85077,7538
7483189,5179,03-01-2010 05:14,5.76,50867,5541
7483202,4976,03-01-2010 05:35,21.62,22375,5411
7483211,4976,03-01-2010 05:39,148.87,91128,5411
7483240,2042,03-01-2010 06:00,6.27,50783,5411
7483242,1002,03-01-2010 06:00,3.67,61195,5541
7483243,5570,03-01-2010 06:01,26.77,98552,4121
7483251,5482,03-01-2010 06:05,3.36,61195,5541
